Name;Game;From;To;"Initial company";"Target company";Cargo;Weight;"Planned distance";"Accepted distance";Profit;Offences;XP;Damage;"Time taken (real) [s]";Truck;"Truck license plate";"Trailer license plates";"Average consumption";Refueled;"Fuel cost";"Maximal reached speed";"Job Type";Dispatch;TrucksBookID;Description;Date;Time
"Mystical Custom";ETS2;Dover;Felixstowe;EuroGoodies;"LkwLog GmbH";Sausages;"17 450 kg";"143 mi";"175 mi";"8 894 £";"0 £";384;0;794;"Scania S";uk:MY5TIC;"uk:OV67 LGN";"5.3 l/100 km";"0 l";"0 £";"60 mph";"Standard job";No;67154702;;2026-08-24;21:15
"BUNGIE B";ETS2;Dover;Felixstowe;EuroGoodies;"LkwLog GmbH";Sausages;"17 450 kg";"143 mi";"175 mi";"8 894 £";"0 £";390;0;794;"MAN TGX Euro 6";uk:BE11BCK;"uk:HS63 WMR";"32 l/100 km";"0 l";"0 £";"61 mph";"Standard job";No;67154710;;2026-08-24;21:16
"BUNGIE B";ETS2;Felixstowe;Aberdeen;"LkwLog GmbH";Stokes;"Truck Tyres";"13 988 kg";"559 mi";"659 mi";"36 265 £";"0 £";1581;1;2267;"MAN TGX Euro 6";uk:BE11BCK;"uk:ND59 GLV";"32.1 l/100 km";"0 l";"0 £";"107 mph";"Standard cargo";No;67156595;;2026-08-24;22:57
"Mystical Custom";ETS2;Felixstowe;Aberdeen;"LkwLog GmbH";Stokes;"Truck Tyres";"13 576 kg";"560 mi";"657 mi";"23 154 £";"0 £";1024;9;2264;"Scania S";uk:MY5TIC;"uk:GK73 GVG";"8.8 l/100 km";"0 l";"0 £";"110 mph";"Standard cargo";No;67156616;;2026-08-24;22:58
"BUNGIE B";ETS2;Aberdeen;Luxembourg;Tree-ET;Sanbuilders;"Wooden Beams";"13 000 kg";"949 mi";"969 mi";"28 908 £";"0 £";1968;0;3374;"Volvo FH6";uk:BE11BCK;"uk:AB59 PRH";"32.1 l/100 km";"0 l";"0 £";"107 mph";"Standard job";No;67158112;;2026-08-25;00:47
"Mystical Custom";ETS2;Aberdeen;Luxembourg;Tree-ET;Sanbuilders;"Wooden Beams";"13 000 kg";"949 mi";"969 mi";"2 652 £";"0 £";63;22;3704;"Scania S";"uk:GK14 BPB";"uk:GK14 BPB";"6.6 l/100 km";"0 l";"0 £";"111 mph";"Standard cargo";No;67158202;;2026-08-25;00:57
"BUNGIE B";ETS2;Dover;Rotterdam;EuroAcres;Posped;Apples;"20 170 kg";"240 mi";"223 mi";"14 331 £";"0 £";500;0;1218;"Scania R";uk:BE11BCK;"uk:NH14 RGF";"6.1 l/100 km";"0 l";"0 £";"60 mph";"Standard cargo";No;67197447;;2026-08-27;22:35
"Mystical Custom";ETS2;Dover;Rotterdam;EuroAcres;Posped;Apples;"20 170 kg";"240 mi";"224 mi";"14 104 £";"0 £";526;0;1207;"Scania S";uk:MY5TIC;"uk:GH67 CAL";"6.6 l/100 km";"0 l";"0 £";"62 mph";"Standard cargo";No;67197465;;2026-08-27;22:36
"Mystical Custom";ETS2;London;Lisburn;"Wilnet Transport";Posped;Garlic;"15 763 kg";"566 mi";"441 mi";"28 630 £";"0 £";703;7;2260;"Scania S";uk:MY5TIC;uk:Z6494009;"7 l/100 km";"0 l";"0 £";"60 mph";"Standard cargo";No;67199467;;2026-08-28;01:16
"BUNGIE B";ETS2;Newcastle;Glasgow;EuroGoodies;EuroGoodies;Chocolate;"23 843 kg";"205 mi";"205 mi";"9 224 £";"0 £";330;0;1027;"MAN TGX Euro 6";"uk:NN74 TNZ";"uk:NN74 TNZ";"6.7 l/100 km";"0 l";"0 £";"60 mph";"Standard cargo";No;67204551;;2026-08-28;15:16
"BUNGIE B";ETS2;Newcastle;Lorient;EuroGoodies;dyxsuperc;Onions;"17 493 kg";"777 mi";"574 mi";"35 003 £";"0 £";1352;0;2743;"Renault T";"uk:NJ24 VDU";"uk:NJ24 VDU";"4.3 l/100 km";"0 l";"0 £";"60 mph";"Standard cargo";No;67227236;;2026-08-29;22:50
"Mystical Custom";ETS2;Lisburn;Lorient;sainsbury;Renor;"Empty Pallets";"22 074 kg";"913 mi";"729 mi";"43 007 £";"0 £";1855;0;3775;"Scania S";uk:MY5TIC;uk:V1476036;"5.9 l/100 km";"0 l";"0 £";"60 mph";"Standard cargo";No;67227241;;2026-08-29;22:50
"Mystical Custom";ETS2;Lorient;Innsbruck;dyxsuperc;"RT Log";Apples;"20 170 kg";"899 mi";"777 mi";"53 698 £";"0 £";1620;0;3834;"Scania S";uk:MY5TIC;uk:V1476036;"5.2 l/100 km";"0 l";"0 £";"60 mph";"Standard cargo";No;67228610;;2026-08-30;00:03
"BUNGIE B";ETS2;Lorient;Innsbruck;dyxsuperc;"RT Log";Apples;"20 170 kg";"899 mi";"778 mi";"41 948 £";"0 £";1580;0;3830;"Renault T";"uk:NJ24 VDU";"uk:NJ24 VDU";"4.7 l/100 km";"0 l";"0 £";"60 mph";"Standard cargo";No;67228631;;2026-08-30;00:04
"Mystical Custom";ETS2;Innsbruck;München;"RT Log";Rosmark;"Canned Sardines";"18 130 kg";"120 mi";"121 mi";"7 074 £";"0 £";284;0;610;"Scania S";uk:MY5TIC;uk:V1476036;"5.2 l/100 km";"0 l";"0 £";"60 mph";"Standard cargo";No;67238343;;2026-08-30;16:44
"Mystical Custom";ETS2;München;"Klagenfurt am Wörthersee";BLT;Tradeaux;"Shock Absorbers";"16 490 kg";"239 mi";"240 mi";"19 062 £";"0 £";593;0;980;"Scania S";uk:MY5TIC;uk:V1476036;"3.9 l/100 km";"0 l";"0 £";"60 mph";"Standard cargo";No;67238717;;2026-08-30;17:06
"BUNGIE B";ETS2;"Klagenfurt am Wörthersee";"Зеница (Zenica)";Trameri;"Fallow Cargo";"Packaged Food";"17 365 kg";"378 mi";"339 mi";"22 646 £";"0 £";1028;0;1954;"MAN TGX Euro 6";"uk:NN74 TNZ";"uk:NJ24 VDU";"6.8 l/100 km";"0 l";"0 £";"60 mph";"Standard cargo";No;67243137;;2026-08-30;21:15
"Mystical Custom";ETS2;"Klagenfurt am Wörthersee";"Зеница (Zenica)";Trameri;"Fallow Cargo";"Packaged Food";"17 365 kg";"377 mi";"337 mi";"14 313 £";"0 £";502;0;1984;"Scania S";uk:MY5TIC;uk:V1476036;"7 l/100 km";"0 l";"0 £";"60 mph";"Standard cargo";No;67243141;;2026-08-30;21:15
"Mystical Custom";ETS2;"Зеница (Zenica)";"Бар (Bar)";"Bosfir Komerc";Renat;"Wooden Beams";"13 000 kg";"343 mi";"348 mi";"11 957 £";"0 £";786;0;2099;"Scania S";uk:MY5TIC;uk:V1476036;"6.8 l/100 km";"0 l";"0 £";"61 mph";"Standard cargo";No;67244193;;2026-08-30;22:05
"BUNGIE B";ETS2;"Зеница (Zenica)";"Бар (Bar)";"Bosfir Komerc";Renat;"Wooden Beams";"13 000 kg";"343 mi";"348 mi";"9 904 £";"0 £";808;0;2097;"Scania T";"uk:NM74 KDM";"uk:NN74 TNZ";"7.7 l/100 km";"0 l";"0 £";"60 mph";"Standard cargo";No;67244200;;2026-08-30;22:06
"BUNGIE B";ETS2;Manchester;Duisburg;"LkwLog GmbH";"Deutsche Frachthäfen";Motorcycles;"15 048 kg";"672 mi";"640 mi";"52 157 £";"0 £";1916;0;2959;"Scania T";"uk:NM74 KDM";"uk:NM74 KDM";"4 l/100 km";"0 l";"0 £";"60 mph";"Standard cargo";No;67246940;;2026-08-31;01:08
"Mystical Custom";ETS2;Manchester;Duisburg;"LkwLog GmbH";"Deutsche Frachthäfen";Motorcycles;"15 048 kg";"672 mi";"639 mi";"62 139 £";"0 £";1915;0;2946;"Scania T";uk:MY5TIC;uk:V1476036;"4.4 l/100 km";"0 l";"0 £";"60 mph";"Standard cargo";No;67246947;;2026-08-31;01:08
"BUNGIE B";ETS2;Newcastle;"Frankfurt am Main";Sanbuilders;"LkwLog GmbH";"Articulated Hauler Volvo A25G";"25 000 kg";"948 mi";"912 mi";"57 175 £";"0 £";2554;0;3577;"Rezbilt 389";"uk:NB73 XCM";"uk:NB73 XCM";"34.5 l/100 km";"0 l";"0 £";"60 mph";"Standard job";No;67247676;;2026-08-31;02:35
"Mystical Custom";ETS2;Valenciennes;Hamburg;Tradeaux;"Deutsche Frachthäfen";Toys;"9 441 kg";"450 mi";"422 mi";"28 550 £";"0 £";848;0;1926;"Scania T";uk:MY5TIC;uk:V1476036;"3.7 l/100 km";"0 l";"0 £";"60 mph";"Standard cargo";No;67253338;;2026-08-31;17:10
"BUNGIE B";ETS2;Valenciennes;Hamburg;Tradeaux;"Deutsche Frachthäfen";Toys;"9 441 kg";"450 mi";"421 mi";"22 409 £";"0 £";897;0;1929;"Rezbilt 389";uk:BE11BCK;"uk:NM74 KDM";"28.3 l/100 km";"0 l";"0 £";"60 mph";"Standard cargo";No;67253348;;2026-08-31;17:11
"Mystical Custom";ETS2;Newcastle;"Port Said";Sanbuilders;"TE Logistica";"Empty Pallets";"22 074 kg";"2 485 mi";"2 036 mi";"126 121 £";"0 £";4274;2;9117;"Scania T";uk:MY5TIC;uk:V1476036;"4.7 l/100 km";"0 l";"0 £";"62 mph";"Standard cargo";No;67260262;;2026-09-01;00:18
"BUNGIE B";ETS2;Newcastle;"Port Said";Sanbuilders;"TE Logistica";"Empty Pallets";"22 074 kg";"2 485 mi";"2 057 mi";"114 249 £";"0 £";4768;0;9137;"Scania T";"uk:NM74 KDM";"uk:NM74 KDM";"4.5 l/100 km";"0 l";"0 £";"60 mph";"Standard cargo";No;67260268;;2026-09-01;00:19
"Mystical Custom";ETS2;"Port Said";Haql;"TE Logistica";arabfood;Toys;"9 441 kg";"296 mi";"296 mi";"17 358 £";"0 £";585;4;1460;"Scania T";uk:MY5TIC;uk:V1476036;"6.7 l/100 km";"0 l";"0 £";"60 mph";"Standard cargo";No;67265870;;2026-09-01;13:26
"BUNGIE B";ETS2;Newcastle;Helsingborg;EuroGoodies;Norrfood;"Soy Milk";"21 519 kg";"832 mi";"450 mi";"25 065 £";"0 £";1137;0;1943;"Renault Radiance";uk:BE11BCK;"uk:NM74 KDM";"33.4 l/100 km";"0 l";"0 £";"61 mph";"Standard cargo";No;67266968;;2026-09-01;15:19
"Mystical Custom";ETS2;Baalbek;Latakia;EuroAcres;Subse;"Sheep Wool";"13 213 kg";"158 mi";"162 mi";"8 483 £";"0 £";262;0;967;"Scania T";uk:MY5TIC;uk:V1476036;"9.2 l/100 km";"0 l";"0 £";"60 mph";"Standard cargo";No;67268160;;2026-09-01;16:53
"BUNGIE B";ETS2;Baalbek;Latakia;EuroAcres;Subse;"Sheep Wool";"13 213 kg";"158 mi";"160 mi";"6 710 £";"0 £";284;0;956;"Renault Radiance";uk:BE11BCK;"uk:NM74 KDM";"32.3 l/100 km";"265 l";"0 £";"61 mph";"Standard cargo";No;67268161;;2026-09-01;16:53
"Mystical Custom";ETS2;Carlisle;Odense;Trameri;Norrfood;tow_man;"13 306 kg";"724 mi";"309 mi";"4 339 £";"0 £";783;0;1783;"Volvo Fh_2022";"uk:LL24 JNR";uk:X6785675;"54.6 l/100 km";"0 l";"0 £";"61 mph";"Standard job";No;67273605;;2026-09-01;21:52
"BUNGIE B";ETS2;Carlisle;Odense;Trameri;Norrfood;tow_man;"15 407 kg";"724 mi";"316 mi";"4 199 £";"0 £";790;0;1925;"Volvo Fh_2022";uk:BE11BCK;uk:H1162355;"34 l/100 km";"0 l";"0 £";"61 mph";"Standard job";No;67273612;;2026-09-01;21:52
"BUNGIE B";ETS2;Dover;Duisburg;"LkwLog GmbH";"LkwLog GmbH";"Office Paper";"18 229 kg";"290 mi";"270 mi";"13 753 £";"0 £";567;0;1265;"Scania T";"uk:NH63 WDK";"uk:KF16 TTD";"5.3 l/100 km";"0 l";"0 £";"60 mph";"Standard job";No;67289559;;2026-09-02;22:46
"Mystical Custom";ETS2;Dover;Duisburg;"LkwLog GmbH";"LkwLog GmbH";"Office Paper";"18 229 kg";"290 mi";"349 mi";"15 162 £";"0 £";718;0;1683;"Scania R";uk:MY5TIC;"uk:GE15 GVR";"5 l/100 km";"0 l";"0 £";"60 mph";"Standard cargo";No;67289724;;2026-09-02;22:55
"Mystical Custom";ETS2;Duisburg;Kalmar;"LkwLog GmbH";GNT;Rooflights;"11 873 kg";"692 mi";"644 mi";"42 824 £";"0 £";1622;0;2760;"Scania R";uk:MY5TIC;"uk:GE15 GVR";"4.2 l/100 km";"0 l";"0 £";"60 mph";"Standard cargo";No;67290551;;2026-09-02;23:50
"BUNGIE B";ETS2;Duisburg;Kalmar;"LkwLog GmbH";GNT;Rooflights;"12 233 kg";"692 mi";"644 mi";"39 745 £";"0 £";1623;0;2892;"Scania T";uk:BE11BCK;"germany:DU GE 901";"3.7 l/100 km";"0 l";"0 £";"60 mph";"Standard job";No;67290607;;2026-09-02;23:54
"Mystical Custom";ETS2;Odense;Milano;"Ika Bohag";Cargotras;tow_actros;"8 485 kg";"936 mi";"802 mi";"13 554 £";"0 £";2018;0;3538;"Volvo Fh_2022";uk:MY5TIC;"denmark:CX 63 72";"4.6 l/100 km";"0 l";"0 £";"60 mph";"Standard job";No;67291765;;2026-09-03;01:46
"Mystical Custom";ETS2;Croydon;Sheffield;Trameri;ITCC;tow_man1;"1 772 kg";"222 mi";"69 mi";"1 387 £";"0 £";31;10;580;"Scania S";uk:MY5TIC;uk:N7767549;"4.5 l/100 km";"0 l";"0 £";"60 mph";"Standard job";No;67297781;;2026-09-03;16:32
"BUNGIE B";ETS2;Dover;Amman;TransiNet;"Gomme du Monde";tow_truck2;"1 703 kg";"2 868 mi";"1 888 mi";"23 141 £";"0 £";4105;3;9015;"DAF 2021";uk:BE11BCK;uk:N5349288;"32.2 l/100 km";"499 l";"813 £";"61 mph";"Standard job";No;67304719;;2026-09-03;23:14
"Mystical Custom";ETS2;Dover;Amman;TransiNet;"Gomme du Monde";tow_truck2;"1 703 kg";"2 868 mi";"1 887 mi";"0 £";"0 £";0;90;8883;"Scania S";uk:MY5TIC;uk:A7820827;"4.1 l/100 km";"0 l";"0 £";"61 mph";"Standard job";No;67304729;;2026-09-03;23:15
"BUNGIE B";ETS2;Liverpool;Sligeach;NBFC;Trameri;tow_scan1;"1 527 kg";"449 mi";"384 mi";"3 748 £";"0 £";972;0;1773;"DAF 2021";uk:BE11BCK;uk:N1887046;"32 l/100 km";"0 l";"0 £";"60 mph";"Standard job";No;67315598;;2026-09-04;20:05
"BUNGIE B";ETS2;Sligeach;Malmö;Trameri;Norrsken;tow_actros1;"1 787 kg";"1 579 mi";"1 275 mi";"16 512 £";"0 £";2984;1;5746;"DAF 2021";uk:BE11BCK;ireland:BH-7055;"32.2 l/100 km";"0 l";"0 £";"60 mph";"Standard job";No;67319677;;2026-09-04;23:38
"Mystical Custom";ETS2;Sligeach;Malmö;Trameri;Norrsken;tow_actros1;"1 787 kg";"1 579 mi";"1 276 mi";"18 914 £";"0 £";2859;2;5762;"Scania S";uk:MY5TIC;ireland:CE-679;"21.8 l/100 km";"0 l";"0 £";"61 mph";"Standard job";No;67319684;;2026-09-04;23:38
"Mystical Custom";ETS2;Carlisle;Inverness;EuroAcres;Tree-ET;naeo;"85 000 kg";"365 mi";"307 mi";"98 787 £";"0 £";620;0;1504;"Scania S_long";uk:MY5TIC;uk:B3040006;"11.1 l/100 km";"0 l";"0 £";"60 mph";"Standard cargo";No;67320430;;2026-09-05;00:28
"BUNGIE B";ETS2;Carlisle;Inverness;EuroAcres;Tree-ET;naeo;"85 000 kg";"365 mi";"306 mi";"78 174 £";"0 £";642;0;1573;"Rezbilt 389";uk:BE11BCK;uk:G6778383;"32 l/100 km";"0 l";"0 £";"60 mph";"Standard cargo";No;67320472;;2026-09-05;00:30
"BUNGIE B";ETS2;Malmö;Svolvær;Norrsken;GNT;"High Pressure Slide Valves";"35 264 kg";"1 117 mi";"1 024 mi";"144 470 £";"0 £";2580;0;5160;"Scania S_long";"uk:NK24 CTY";"uk:NA74 HBX";"32.1 l/100 km";"0 l";"0 £";"60 mph";"Standard cargo";No;67321430;;2026-09-05;02:04
"Mystical Custom";ETS2;Malmö;Svolvær;Norrsken;GNT;"High Pressure Slide Valves";"30 639 kg";"1 092 mi";"1 025 mi";"140 078 £";"0 £";2374;1;5177;"Scania S_long";uk:MY5TIC;uk:Z6494009;"8.6 l/100 km";"0 l";"0 £";"62 mph";"Standard cargo";No;67321435;;2026-09-05;02:05
"BUNGIE B";ETS2;Newcastle;Malmö;Sanbuilders;Norrsken;"Mobile Screener";"39 010 kg";"794 mi";"412 mi";"34 249 £";"0 £";1093;0;1934;"Volvo Vt_5";uk:BE11BCK;uk:F6708481;"32 l/100 km";"0 l";"0 £";"60 mph";"Standard job";No;67335983;;2026-09-05;22:52
"BUNGIE B";ETS2;Newcastle;Oban;Sanbuilders;Posped;"Electric Mini Excavator JCB 19C-E";"5 700 kg";"314 mi";"314 mi";"7 323 £";"0 £";887;0;1433;"MAN F2000";uk:BE11BCK;"uk:NO73 GMB";"32.1 l/100 km";"0 l";"0 £";"60 mph";"Standard cargo";No;67350167;;2026-09-06;18:38
"BUNGIE B";ETS2;Newcastle;Elbląg;Sanbuilders;"Lisette Logistics";"Water Tank";"2 100 kg";"1 455 mi";"1 232 mi";"89 519 £";"0 £";3087;0;5222;"MAN F2000";uk:BE11BCK;"uk:NO73 GMB";"32.1 l/100 km";"501 l";"860 £";"60 mph";"Standard cargo";No;67353670;;2026-09-06;21:27
"Mystical Custom";ETS2;Newcastle;Elbląg;Sanbuilders;"Lisette Logistics";"Water Tank";"2 100 kg";"1 455 mi";"1 236 mi";"92 305 £";"0 £";2663;3;5124;"Scania S_long";uk:MY5TIC;uk:M5718869;"3.6 l/100 km";"0 l";"0 £";"60 mph";"Standard cargo";No;67353739;;2026-09-06;21:30
"BUNGIE B";ETS2;Belfast;Bastia;"LkwLog GmbH";BHV;tow_truck3;"1 703 kg";"1 592 mi";"1 049 mi";"12 954 £";"0 £";2181;0;4807;"DAF 2021";uk:BE11BCK;nireland:C659989;"32 l/100 km";"0 l";"0 £";"61 mph";"Standard job";No;67356619;;2026-09-07;00:03
"Mystical Custom";ETS2;"Бар (Bar)";"Бар (Bar)";Marina;Cargotras;Yacht;"6 500 kg";"1 mi";"1 mi";"343 £";"0 £";1;0;64;"DAF XD";"montenegro:NK AE 961";"montenegro:BD 952 AA";"100 l/100 km";"0 l";"0 £";"28 mph";"Quick job";No;67357425;;2026-09-07;01:15
"BUNGIE B";ETS2;Kalmar;Lisboa;GNT;"Logística Atlântica";Onions;"17 493 kg";"2 268 mi";"1 933 mi";"135 030 £";"0 £";3708;1;8053;"Scania T";uk:BE11BCK;"uk:NH14 RGF";"3.5 l/100 km";"0 l";"0 £";"60 mph";"Standard cargo";No;67371742;;2026-09-08;00:17
"Mystical Custom";ETS2;Kalmar;Lisboa;GNT;"Logística Atlântica";Onions;"17 493 kg";"2 268 mi";"1 956 mi";"0 £";"0 £";0;100;8124;"Scania R";uk:MY5TIC;"uk:GE15 GVR";"4.4 l/100 km";"0 l";"0 £";"61 mph";"Standard cargo";No;67371820;;2026-09-08;00:22
"Mystical Custom";ETS2;Lisboa;Huelva;"Transportes Caballería";"Huerta del Mar Menor, S.L.";"Young Seedlings";"3 637 kg";"300 mi";"303 mi";"18 089 £";"0 £";759;0;1308;"Scania S";uk:MY5TIC;"uk:GH67 CAL";"3.9 l/100 km";"0 l";"0 £";"60 mph";"Standard cargo";No;67372463;;2026-09-08;01:21
"Mystical Custom";ETS2;Calais;Reims;Stokes;Steinbruch;tow_actros2;"1 787 kg";"244 mi";"246 mi";"3 548 £";"0 £";514;0;949;"Scania S";uk:MY5TIC;france:CF-183-XP;"40.4 l/100 km";"0 l";"0 £";"60 mph";"Standard job";No;67373238;;2026-09-08;02:49
"Mystical Custom";ETS2;Portsmouth;Granville;BCP;BHV;tow_truck2;"1 703 kg";"160 mi";"72 mi";"2 591 £";"0 £";153;0;473;"Scania S";uk:MY5TIC;uk:Z1863466;"80.2 l/100 km";"0 l";"1 487 £";"60 mph";"Standard job";No;67376204;;2026-09-08;12:19
"BUNGIE B";ETS2;Newcastle;Carlisle;Sanbuilders;Posped;arsdorse2;"3 200 kg";"76 mi";"76 mi";"3 483 £";"0 £";144;0;426;"Gm Scania";"uk:NM74 YHD";"uk:NM74 YHD";"32 l/100 km";"0 l";"0 £";"62 mph";"Standard cargo";No;67381771;;2026-09-08;20:28
"Mystical Custom";ETS2;Dortmund;Hannover;ITCC;Steinbruch;tow_scan2;"1 527 kg";"131 mi";"131 mi";"1 674 £";"0 £";275;0;928;"Scania S";uk:MY5TIC;"germany:BH JU 395";"45.5 l/100 km";"0 l";"0 £";"60 mph";"Standard job";No;67382450;;2026-09-08;21:04
"Mystical Custom";ETS2;Sligeach;Tórshavn;Trameri;smyril;"Scrap Metals";"23 850 kg";"1 012 mi";"652 mi";"18 110 £";"0 £";1628;0;3468;"Scania S";"uk:LM74 HXH";"uk:LM74 HXH";"65.5 l/100 km";"0 l";"0 £";"61 mph";"Standard cargo";No;67384462;;2026-09-08;22:46
"BUNGIE B";ETS2;Sligeach;Tórshavn;Trameri;smyril;"Scrap Metals";"21 200 kg";"1 012 mi";"627 mi";"13 900 £";"0 £";1593;0;3416;"MAN F2000";"uk:NO25 XAY";uk:R5700655;"32.3 l/100 km";"0 l";"6 £";"60 mph";"Standard cargo";No;67384471;;2026-09-08;22:47
"BUNGIE B";ETS2;Nuuk;Linz;deres_auto;"RT Log";Cars;"8 400 kg";"3 350 mi";"1 326 mi";"83 589 £";"0 £";3093;6;6645;"MAN F2000";uk:BE11BCK;"greenland:GR 10 69";"32.1 l/100 km";"401 l";"1 320 £";"60 mph";"Standard job";No;67386371;;2026-09-09;01:19
"Mystical Custom";ETS2;Nuuk;Linz;deres_auto;"RT Log";Cars;"8 400 kg";"3 350 mi";"1 325 mi";"90 846 £";"0 £";2913;7;6258;"Scania S";"uk:LM74 HXH";"greenland:GR 13 95";"50.9 l/100 km";"742 l";"1 468 £";"60 mph";"Standard job";No;67386376;;2026-09-09;01:19
"Mystical Custom";ETS2;Linz;Eindhoven;"RT Log";"DAF Trucks";"Fuel Oil";"25 710 kg";"529 mi";"528 mi";"64 356 £";"0 £";1535;0;2036;"Scania S";uk:MY5TIC;uk:N5682196;"42.4 l/100 km";"726 l";"1 345 £";"61 mph";"Standard cargo";No;67387107;;2026-09-09;02:54
"Mystical Custom";ETS2;Nynäshamn;Volhov_rm;"Polaris Lines";Супрема;Nuts;"18 048 kg";"611 mi";"436 mi";"21 775 £";"0 £";746;4;1897;"Scania S_long";"uk:LV24 ERE";"uk:LV24 ERE";"5.4 l/100 km";"0 l";"0 £";"60 mph";"Standard cargo";No;67387453;;2026-09-09;03:51
"Mystical Custom";ETS2;Volhov_rm;Segezha_rm;Балтоморск;GNT;"Empty Pallets";"22 074 kg";"313 mi";"313 mi";"11 245 £";"0 £";438;8;1423;"Scania S_long";"uk:LV24 ERE";"uk:LV24 ERE";"7.5 l/100 km";"0 l";"0 £";"60 mph";"Standard cargo";No;67387642;;2026-09-09;04:23
"Mystical Custom";ETS2;Petrozavodsk;Smolensk;barenc;SellPlan;Peas;"18 239 kg";"672 mi";"657 mi";"25 207 £";"0 £";883;11;3159;"Scania S_long";uk:MY5TIC;"uk:LV24 ERE";"7.2 l/100 km";"0 l";"0 £";"61 mph";"Standard cargo";No;67391069;;2026-09-09;14:44
"Mystical Custom";ETS2;Smolensk;Mukur;tree_et_ru;Agronord;"Wooden Beams";"13 000 kg";"1 333 mi";"1 332 mi";"48 373 £";"0 £";2947;1;5552;"Scania S_long";uk:MY5TIC;"uk:LV24 ERE";"4.7 l/100 km";"0 l";"0 £";"60 mph";"Standard cargo";No;67398929;;2026-09-09;23:51
"Mystical Custom";ETS2;Mukur;Mingəçevir;Agronord;"Log n Stick";"Young Seedlings";"3 637 kg";"982 mi";"693 mi";"39 810 £";"0 £";1410;0;3051;"Scania S_long";uk:MY5TIC;"uk:LV24 ERE";"4.2 l/100 km";"0 l";"0 £";"60 mph";"Standard cargo";No;67399578;;2026-09-10;00:49
"Mystical Custom";ETS2;Mingəçevir;"ფოთი (Poti)";"Baltrak Lojistik";Globeur;"IBC Containers";"11 138 kg";"380 mi";"431 mi";"14 400 £";"0 £";710;4;2444;"Scania S_long";uk:MY5TIC;"uk:LV24 ERE";"6.6 l/100 km";"0 l";"0 £";"60 mph";"Standard cargo";No;67412850;;2026-09-11;00:20
"BUNGIE B";ETS2;Newcastle;Edinburgh;Sanbuilders;Sanbuilders;637k;"54 320 kg";"147 mi";"135 mi";"5 541 652 £";"0 £";27616;0;707;"MAN F2000";uk:BE11BCK;"uk:NK73 VLY";"32.3 l/100 km";"0 l";"0 £";"60 mph";"Standard cargo";No;67444131;;2026-09-13;00:50
"Mystical Custom";ETS2;Portsmouth;Guarda;Posped;Exomar;amx13vttj;"13 700 kg";"1 079 mi";"835 mi";"7 403 583 £";"0 £";209820;0;3929;"Scania S_long";uk:MY5TIC;uk:E3558129;"36.8 l/100 km";"869 l";"1 506 £";"61 mph";"Standard job";No;67461290;;2026-09-13;23:11
"BUNGIE B";ETS2;Portsmouth;Guarda;Posped;Exomar;amx13vttj;"13 700 kg";"1 079 mi";"835 mi";"6 512 364 £";"0 £";212920;0;3956;"MAN F2000";uk:BE11BCK;uk:H0242620;"32.1 l/100 km";"0 l";"0 £";"60 mph";"Standard job";No;67461296;;2026-09-13;23:11
"BUNGIE B";ETS2;Newcastle;Perth;EuroGoodies;Tradeaux;Cauliflower;"4 935 kg";"227 mi";"226 mi";"1 418 025 £";"0 £";45107;0;1098;"Iveco S-Way";"uk:NL25 ZRG";"uk:NL25 ZRG";"32.1 l/100 km";"0 l";"0 £";"60 mph";"Standard cargo";No;67471912;;2026-09-14;20:14
"BUNGIE B";ETS2;Newcastle;Berlin;EuroGoodies;"Deutsche Frachthäfen";Ketchup;"7 908 kg";"1 105 mi";"938 mi";"6 157 018 £";"0 £";190250;0;3952;"MAN F2000";uk:BE11BCK;"uk:NA73 JGP";"32.1 l/100 km";"0 l";"0 £";"60 mph";"Standard cargo";No;67474346;;2026-09-14;22:22
"Mystical Custom";ETS2;Newcastle;Berlin;EuroGoodies;"Deutsche Frachthäfen";Ketchup;"7 908 kg";"1 105 mi";"939 mi";"6 157 018 £";"0 £";190750;0;3989;"Scania S";"uk:LC73 UJR";"uk:LC73 UJR";"24.8 l/100 km";"0 l";"0 £";"60 mph";"Standard cargo";No;67474349;;2026-09-14;22:23
"Mystical Custom";ETS2;Berlin;Frederikshavn;Sanbuilders;"Polaris Lines";"Empty Pallets";"11 371 kg";"539 mi";"540 mi";"3 190 671 £";"0 £";134850;0;2133;"Scania S";uk:MY5TIC;"uk:LC73 UJR";"23.8 l/100 km";"0 l";"0 £";"60 mph";"Standard cargo";No;67485170;;2026-09-15;20:21
"Mystical Custom";ETS2;Hirtshals;Bergen;"Polaris Lines";GNT;"Spherical Valves";"11 422 kg";"434 mi";"344 mi";"1 233 392 £";"0 £";34183;12;1787;"Scania S";uk:MY5TIC;"uk:LC73 UJR";"40.3 l/100 km";"0 l";"0 £";"60 mph";"Standard cargo";No;67486052;;2026-09-15;21:07
"Mystical Custom";ETS2;Bergen;Steinkjer;GNT;"Renar Logistik";"Backflow Preventers";"12 252 kg";"432 mi";"417 mi";"2 248 058 £";"0 £";60929;7;2392;"Scania S";uk:MY5TIC;"uk:LC73 UJR";"44.9 l/100 km";"900 l";"1 383 £";"60 mph";"Standard cargo";No;67487026;;2026-09-15;21:58
"Mystical Custom";ETS2;Steinkjer;Tromsø;"Renar Logistik";Norrfood;"Canned Beans";"8 374 kg";"675 mi";"659 mi";"713 850 £";"0 £";27466;20;3332;"Scania S";uk:MY5TIC;"uk:LC73 UJR";"40.4 l/100 km";"0 l";"0 £";"60 mph";"Standard cargo";No;67488162;;2026-09-15;22:59
"Mystical Custom";ETS2;Tromsø;Honningsvåg;BHV;"Renar Logistik";Scooters;"5 141 kg";"408 mi";"379 mi";"2 659 316 £";"0 £";72470;7;1901;"Scania S";uk:MY5TIC;"uk:LC73 UJR";"41.1 l/100 km";"0 l";"0 £";"61 mph";"Standard cargo";No;67488900;;2026-09-15;23:49
"Mystical Custom";ETS2;Honningsvåg;Rakvere;"Polar Fish";Posped;"Smoked Sprats";"9 053 kg";"1 017 mi";"965 mi";"2 685 504 £";"0 £";85462;14;4606;"Scania S";uk:MY5TIC;"uk:LC73 UJR";"34.6 l/100 km";"0 l";"0 £";"60 mph";"Standard cargo";No;67494167;;2026-09-16;14:41
"Mystical Custom";ETS2;Akureyri;Malmö;Steinbruch;Norrsken;tow_truck1;"1 703 kg";"1 497 mi";"533 mi";"5 086 £";"0 £";588;12;2442;"Scania S";uk:MY5TIC;"iceland:OT P62";"31.5 l/100 km";"0 l";"0 £";"60 mph";"Standard job";No;67505546;;2026-09-17;10:49
"BUNGIE B";ETS2;Newcastle;Bern;EuroGoodies;SellPlan;Almond;"17 460 kg";"950 mi";"913 mi";"45 917 £";"0 £";1852;0;3730;"Volvo FH4";"uk:NE64 BSM";"uk:YX62 MBL";"32.1 l/100 km";"0 l";"0 £";"61 mph";"Standard job";No;67506584;;2026-09-17;13:39
"BUNGIE B";ETS2;Newcastle;Seinäjoki;Sanbuilders;"Drekkar Trans";"Water Tank";"1 050 kg";"1 565 mi";"915 mi";"38 766 £";"0 £";2299;0;4257;"Iveco S-Way";uk:BE11BCK;uk:C454005;"32.2 l/100 km";"0 l";"0 £";"60 mph";"Standard job";No;67513566;;2026-09-17;22:46
"Mystical Custom";ETS2;Newcastle;Seinäjoki;Sanbuilders;"Drekkar Trans";"Water Tank";"1 050 kg";"1 565 mi";"939 mi";"27 572 £";"0 £";1601;7;4231;"Scania S_long";uk:MY5TIC;uk:K2474599;"30.7 l/100 km";"0 l";"0 £";"60 mph";"Standard job";No;67513587;;2026-09-17;22:47
"BUNGIE B";ETS2;Seinäjoki;Bodø;"Drekkar Trans";"Borealis Shipyard";"High Pressure Slide Valves";"19 077 kg";"473 mi";"434 mi";"29 940 £";"0 £";1026;0;2525;"Iveco S-Way";uk:BE11BCK;finland:DXA-295;"32 l/100 km";"492 l";"960 £";"60 mph";"Standard job";No;67514626;;2026-09-18;00:04
"Mystical Custom";ETS2;Seinäjoki;Bodø;"Drekkar Trans";"Borealis Shipyard";"High Pressure Slide Valves";"19 655 kg";"473 mi";"437 mi";"13 527 £";"0 £";380;13;2579;"Scania S_long";uk:MY5TIC;finland:WUA-784;"57.7 l/100 km";"912 l";"1 779 £";"60 mph";"Standard job";No;67514663;;2026-09-18;00:07
"BUNGIE B";ETS2;Carlisle;"Baile Átha Cliath";EuroAcres;FLE;"Live Pigs";"11 200 kg";"386 mi";"285 mi";"19 613 £";"0 £";688;0;1398;"Iveco S-Way";uk:BE11BCK;uk:G7998587;"32.1 l/100 km";"0 l";"0 £";"60 mph";"Standard cargo";No;67515022;;2026-09-18;00:42
"Mystical Custom";ETS2;Carlisle;"Baile Átha Cliath";EuroAcres;FLE;"Live Pigs";"11 200 kg";"386 mi";"285 mi";"16 367 £";"0 £";558;4;1423;"Scania S_long";uk:MY5TIC;uk:O2022075;"37 l/100 km";"0 l";"0 £";"60 mph";"Standard cargo";No;67515033;;2026-09-18;00:43
"BUNGIE B";ETS2;Newcastle;Växjö;EuroGoodies;"Renar Logistik";Yoghurt;"17 229 kg";"938 mi";"897 mi";"33 355 £";"964 £";2011;1;3772;"Iveco S-Way";uk:BE11BCK;uk:W8719063;"35.1 l/100 km";"0 l";"0 £";"60 mph";"Standard job";No;67525543;;2026-09-18;22:12
"BUNGIE B";ETS2;Marseille;Murcia;"Wilnet Transport";ACC;as565j;"2 500 kg";"739 mi";"665 mi";"52 699 £";"0 £";1741;1;2857;"Iveco S-Way";uk:BE11BCK;france:EL-551-MT;"29.1 l/100 km";"0 l";"0 £";"60 mph";"Standard job";No;67527092;;2026-09-18;23:36
"Mystical Custom";ETS2;Marseille;Murcia;"Wilnet Transport";ACC;as565j;"2 500 kg";"739 mi";"665 mi";"56 241 £";"0 £";1853;0;2894;"Scania S_long";uk:MY5TIC;france:CM-815-YG;"28.1 l/100 km";"0 l";"0 £";"60 mph";"Standard job";No;67527094;;2026-09-18;23:36
"Mystical Custom";ETS2;Birmingham;London;Posped;Posped;Pesto;"18 926 kg";"127 mi";"127 mi";"7 337 £";"0 £";200;1;788;"Scania S";uk:MY5TIC;"uk:LB11 VYO";"43.4 l/100 km";"0 l";"0 £";"63 mph";"Standard cargo";No;67538981;;2026-09-19;20:47
"Mystical Custom";ETS2;Newcastle;Holyhead;EuroGoodies;Norrfood;Limonades;"23 998 kg";"356 mi";"357 mi";"22 481 £";"0 £";845;0;1487;"Scania S_long";uk:MY5TIC;"uk:LH24 PYZ";"38.9 l/100 km";"0 l";"1 519 £";"61 mph";"Standard cargo";No;67544086;;2026-09-20;01:26
"Mystical Custom";ETS2;Exeter;"Cill Chainnigh";forfarmers;EuroAcres;"Big-Bags of Seeds";"18 704 kg";"454 mi";"386 mi";"24 165 £";"0 £";979;0;1917;"Scania S_long";uk:MY5TIC;"uk:LH24 PYZ";"46.6 l/100 km";"0 l";"0 £";"61 mph";"Standard cargo";No;67544661;;2026-09-20;02:30
"Mystical Custom";ETS2;"Cill Chainnigh";"Le Mans";EuroAcres;"Lisette Logistics";"Straw Bales";"7 800 kg";"855 mi";"318 mi";"8 630 £";"0 £";758;0;1813;"Scania S_long";uk:MY5TIC;"uk:LH24 PYZ";"44.3 l/100 km";"0 l";"0 £";"60 mph";"Standard cargo";No;67551662;;2026-09-20;15:40
"Mystical Custom";ETS2;"Битола (Bitola)";"Πάφος (Pafos)";Subse;Globeur;Limonades;"21 816 kg";"941 mi";"427 mi";"21 117 £";"0 £";856;1;2569;"Scania S_long";uk:MY5TIC;"uk:LH24 PYZ";"58.8 l/100 km";"953 l";"1 742 £";"61 mph";"Standard cargo";No;67557480;;2026-09-20;20:38
"Mystical Custom";ETS2;"Λεμεσός (Lemesos)";Sanok;GNT;Posped;"Olive Oil";"17 645 kg";"1 731 mi";"1 020 mi";"57 989 £";"0 £";1634;4;4851;"Scania S_long";uk:MY5TIC;"uk:LH24 PYZ";"42.9 l/100 km";"0 l";"0 £";"61 mph";"Standard cargo";No;67560311;;2026-09-20;22:49
"BUNGIE B";ETS2;Grimsby;Duisburg;EuroGoodies;"Deutsche Frachthäfen";"Aircraft Tires";"18 117 kg";"558 mi";"521 mi";"36 360 £";"0 £";1314;0;2352;"Scania S";"uk:GE60 VDJ";"uk:NJ64 DGO";"36.1 l/100 km";"0 l";"0 £";"61 mph";"Standard job";No;67561401;;2026-09-20;23:58
"Mystical Custom";ETS2;Grimsby;Duisburg;EuroGoodies;"Deutsche Frachthäfen";"Aircraft Tires";"18 117 kg";"558 mi";"522 mi";"36 415 £";"0 £";1166;2;2424;"Scania S";uk:MY5TIC;"uk:LB11 VYO";"32.6 l/100 km";"0 l";"0 £";"61 mph";"Standard cargo";No;67561406;;2026-09-20;23:59
"Mystical Custom";ETS2;Osnabrück;Luxembourg;"LkwLog GmbH";"LkwLog GmbH";Clothes;"15 302 kg";"347 mi";"349 mi";"20 346 £";"0 £";779;2;1438;"Scania S";uk:MY5TIC;"uk:LB11 VYO";"32.6 l/100 km";"515 l";"998 £";"61 mph";"Standard cargo";No;67565112;;2026-09-21;10:57
"Mystical Custom";ETS2;Rotterdam;Wien;Posped;Stokes;"Shock Absorbers";"16 490 kg";"686 mi";"691 mi";"37 653 £";"0 £";1056;6;2728;"Scania S";uk:MY5TIC;"uk:LB11 VYO";"30.9 l/100 km";"0 l";"0 £";"60 mph";"Standard cargo";No;67587362;;2026-09-22;21:42
"BUNGIE B";ETS2;Newcastle;Newport;EuroGoodies;GNT;"Coconut Oil";"23 631 kg";"450 mi";"450 mi";"27 561 £";"0 £";921;0;1738;"Rezbilt 389";uk:BE11BCK;"uk:NG59 YMK";"32 l/100 km";"0 l";"0 £";"61 mph";"Standard cargo";No;67588365;;2026-09-22;22:28
"BUNGIE B";ETS2;Cardiff;Antwerpen;EuroGoodies;"Euroflow Ports";"Packaged Food";"17 365 kg";"569 mi";"544 mi";"39 236 £";"0 £";1564;0;2182;"Rezbilt 389";uk:BE11BCK;"uk:NG59 YMK";"32 l/100 km";"0 l";"0 £";"60 mph";"Standard cargo";No;67590095;;2026-09-23;00:17
"BUNGIE B";ETS2;Antwerpen;Wurzburg;"Euroflow Ports";"Brawen Transport";"Medical Equipment";"5 214 kg";"362 mi";"362 mi";"33 125 £";"0 £";1089;0;1353;"Rezbilt 389";uk:BE11BCK;"uk:NG59 YMK";"32.1 l/100 km";"552 l";"1 174 £";"61 mph";"Standard cargo";No;67590370;;2026-09-23;00:42
MR.HOBO;ETS2;Honningsvåg;"Villa San Giovanni";"Polar Fish";"Eolo Lines";"Containerized Trees";"4 620 kg";"2 940 mi";"3 371 mi";"145 143 £";"0 £";5800;3;12383;"Scania S";belgium:MR.HOBO;"uk:WF10 ULE";"32.1 l/100 km";"0 l";"0 £";"62 mph";"Standard cargo";No;67590723;;2026-09-23;01:18
MR.HOBO;ETS2;"Villa San Giovanni";Honningsvåg;"Eolo Lines";Konstnorr;"Brake Fluid";"2 658 kg";"2 925 mi";"3 290 mi";"65 061 £";"0 £";6710;0;11683;"Scania S";belgium:MR.HOBO;"italy:XA 171JA";"32.3 l/100 km";"0 l";"0 £";"62 mph";"Standard job";No;67599099;;2026-09-23;19:33
MR.HOBO;ETS2;Honningsvåg;Lisboa;Konstnorr;"Ika Bohag";"Krone Profi Liner Building";"0 kg";"3 342 mi";"3 963 mi";"221 479 £";"0 £";7975;4;15208;"Scania S";belgium:MR.HOBO;"norway:CJ 8492";"34.1 l/100 km";"0 l";"0 £";"61 mph";"Standard job";No;67605599;;2026-09-24;02:39
"WILLIAM S.D016";ETS2;Luxembourg;Dortmund;ITCC;EuroGoodies;"Large Containers";"9 113 kg";"241 mi";"242 mi";"3 164 £";"120 £";403;0;1662;"MAN TGX";"luxembourg:YZ 3391";"luxembourg:UJ 0944";"49.4 l/100 km";"0 l";"0 £";"57 mph";"Quick job";No;67606748;;2026-09-24;05:38
MR.HOBO;ETS2;"Villa San Giovanni";Hirtshals;"Eolo Lines";"Polaris Lines";"Cut Flowers";"1 759 kg";"1 709 mi";"1 959 mi";"103 691 £";"0 £";3980;0;6450;"Volvo FH6";belgium:MR.HOBO;"italy:XA 576VY";"32 l/100 km";"0 l";"0 £";"62 mph";"Standard job";No;67609747;;2026-09-24;15:44
MR.HOBO;ETS2;Honningsvåg;Šiauliai;"Polar Fish";BLT;"IBC Containers";"11 138 kg";"1 244 mi";"1 189 mi";"26 934 £";"0 £";1966;4;4851;"Scania S";"uk:WG59 ALA";"norway:LS 8303";"49.3 l/100 km";"0 l";"0 £";"62 mph";"Standard job";No;67611396;;2026-09-24;18:25
"BUNGIE B";ATS;"Twin Falls";"Twin Falls";"Sunshine Crops";Venture;"Frozen Vegetable";"7 722 kg";"4 mi";"4 mi";"4 321 $";"0 $";2100;0;117;"Ford Aeromax";"idaho:AG 918";idaho:6843TF;"3.8 mpg (US gallons)";"0 gal";"0 $";"34 mph";"Quick job";No;67615009;;2026-09-24;21:34
"BUNGIE B";ATS;"Twin Falls";"Salt Lake City";"Coastline Mining";SellGoods;Gypsum;"19 190 kg";"241 mi";"241 mi";"502 397 $";"0 $";40200;0;802;"Kenworth W900";"idaho:AF 276";idaho:4849TF;"4.8 mpg (US gallons)";"0 gal";"0 $";"79 mph";"Quick job";No;67615450;;2026-09-24;21:55
"BUNGIE B";ATS;"Twin Falls";Pocatello;Venture;"Rail Export";Dumpster;"2 722 kg";"112 mi";"112 mi";"44 839 $";"0 $";20000;0;485;"Peterbilt 389";"idaho:AF 158";"idaho:3085TI;idaho:TP8339;idaho:TR0607";"4.8 mpg (US gallons)";"0 gal";"0 $";"79 mph";"Quick job";No;67615858;;2026-09-24;22:14
"BUNGIE B";ATS;Pocatello;Ogden;"Coastline Mining";"Plaster & Sons";"Mobile Air Compressor";"10 886 kg";"130 mi";"130 mi";"582 026 $";"0 $";26780;0;527;"International LT";"idaho:AJ 4436";"idaho:0696TN;idaho:TD6114;idaho:4845TT;idaho:TZ4001;idaho:TE8296";"4.7 mpg (US gallons)";"0 gal";"0 $";"79 mph";"Quick job";No;67616054;;2026-09-24;22:25
"BUNGIE B";ATS;Ogden;"Rock Springs";"Chemso Ltd.";"US Beverages & Bottling";Lye;"12 095 kg";"196 mi";"232 mi";"554 213 $";"0 $";46632;0;986;"Ford Aeromax";utah:Z088448;utah:579449Z;"4.8 mpg (US gallons)";"0 gal";"0 $";"80 mph";"Quick job";No;67616458;;2026-09-24;22:45
"Mystical Custom";ETS2;Carlisle;Kristiansand;Trameri;GNT;tow_truck3;"1 703 kg";"526 mi";"103 mi";"3 218 £";"0 £";193;1;747;"Scania S";"uk:LG74 PDC";"uk:LG74 PDC";"42.4 l/100 km";"0 l";"0 £";"60 mph";"Standard job";No;67617127;;2026-09-24;23:23
NXTCLUTCH;ETS2;Wien;Calais;Stokes;"LkwLog GmbH";"Wind Turbine Tower";"9 810 kg";"792 mi";"792 mi";"31 695 £";"0 £";1595;0;2787;"Scania S";"uk:NE62 EXF";"austria:I 969 VF";"32 l/100 km";"0 l";"0 £";"64 mph";"Standard job";No;67617218;;2026-09-24;23:29
"BUNGIE B";ATS;"Twin Falls";Lewiston;"Plaster & Sons";"Avalanche Steel";"Wheel Loader JCB 457";"20 502 kg";"380 mi";"380 mi";"2 174 600 $";"0 $";89016;0;1772;"Outlaw 359";"idaho:AK 723";idaho:TN3037;"6.8 mpg (US gallons)";"0 gal";"0 $";"79 mph";"Standard job";No;67617296;;2026-09-24;23:33
"BUNGIE B";ATS;"Twin Falls";Laramie;"Plaster & Sons";NAMIQ;"Mobile Air Compressor";"7 258 kg";"550 mi";"551 mi";"2 977 074 $";"0 $";128698;0;1620;"Outlaw 359";"idaho:AK 723";"idaho:3981TB;idaho:9799TA;idaho:TH8413";"7.4 mpg (US gallons)";"0 gal";"0 $";"80 mph";"Standard job";No;67617986;;2026-09-25;00:25
bran123;ETS2;Calais;"Θεσσαλονίκη (Thessaloniki)";"LkwLog GmbH";"Celler Construction Group";Cement;"25 956 kg";"1 578 mi";"1 584 mi";"42 497 £";"0 £";3228;0;6425;"Scania S";"uk:BB67 GXP";france:CL-708-NG.;"49.3 l/100 km";"991 l";"1 659 £";"60 mph";"Standard job";No;67618446;;2026-09-25;01:03
MR.HOBO;ETS2;"Πάτρα (Patras)";"Klagenfurt am Wörthersee";"Fallow Cargo";SellPlan;"Canned Sardines";"18 130 kg";"1 141 mi";"1 137 mi";"40 440 £";"0 £";2286;0;3954;"Scania S";"uk:MR. HOBO";"greece:P 35848";"4243.1 l/100 km";"0 l";"0 £";"62 mph";"Standard job";No;67623426;;2026-09-25;13:10
MR.HOBO;ETS2;"Klagenfurt am Wörthersee";Zadar;SellPlan;Adrica;"Used Plastics";"9 672 kg";"352 mi";"351 mi";"6 594 £";"0 £";706;0;1258;"Scania S";"uk:MR. HOBO";"austria:RI 866 PX";"49.2 l/100 km";"0 l";"0 £";"62 mph";"Standard job";No;67623641;;2026-09-25;13:32
MR.HOBO;ETS2;Zadar;Stuttgart;Adrica;Stokes;"Log Harvester";"22 200 kg";"652 mi";"652 mi";"41 732 £";"0 £";1502;0;2483;"Scania S";"uk:MR. HOBO";"croatia:VU 667-MS";"49.5 l/100 km";"0 l";"0 £";"61 mph";"Standard job";No;67624475;;2026-09-25;15:00
"BUNGIE B";ATS;"Salt Lake City";Jackson;SellGoods;Starbridge;Trailers;"5 715 kg";"345 mi";"347 mi";"1 095 704 $";"0 $";104618;0;1254;"Outlaw 359";"idaho:AK 723";utah:490047E;"7.3 mpg (US gallons)";"0 gal";"0 $";"78 mph";"Standard job";No;67626130;;2026-09-25;17:05
MR.HOBO;ETS2;Stuttgart;"Le Havre";Stokes;Globeur;"Log Harvester";"22 200 kg";"534 mi";"534 mi";"33 268 £";"0 £";1230;0;2197;"Scania S";"uk:MR. HOBO";"germany:H TF 795";"50.6 l/100 km";"0 l";"0 £";"62 mph";"Standard job";No;67626664;;2026-09-25;17:36
MR.HOBO;ETS2;Brussel;Osnabrück;FCP;"LkwLog GmbH";"Industrial Cable Reel";"34 520 kg";"245 mi";"245 mi";"4 280 £";"0 £";435;0;1403;"MAN TGX";"belgium:2 RSO-583";"belgium:Q SNU-059";"49.6 l/100 km";"0 l";"0 £";"57 mph";"Quick job";No;67627794;;2026-09-25;18:44
Dancus15;ETS2;Dover;Bratislava;"LkwLog GmbH";Posped;"Locomotive CZ LOKO EffiShunter 300";"36 000 kg";"881 mi";"871 mi";"0 £";"0 £";0;41;4020;"Scania S";"czech:3AD 3003";"uk:GF16 BED";"88.7 l/100 km";"986 l";"0 £";"87 mph";"Standard cargo";No;67630372;;2026-09-25;20:50
"BUNGIE B";ATS;Omaha;"Salt Lake City";"Taylor Construction Group";"Plaster & Sons";"Utility Poles";"18 870 kg";"884 mi";"884 mi";"9 540 860 $";"0 $";179375;0;2488;"Western Star 49X";"idaho:AF 2080";idaho:TM1582;"7.4 mpg (US gallons)";"0 gal";"0 $";"78 mph";"Standard cargo";No;67631814;;2026-09-25;21:51
"Mystical Custom";ETS2;Ljubljana;"Χανιά (Chania)";"Brawen Transport";Icaria;"Medical Equipment";"5 214 kg";"1 199 mi";"1 015 mi";"87 158 £";"0 £";2539;1;4372;"Scania S";uk:MY5TIC;"uk:LB11 VYO";"32.5 l/100 km";"152 l";"235 £";"61 mph";"Standard cargo";No;67633272;;2026-09-25;22:52
NXTCLUTCH;ETS2;Calais;"Χανιά (Chania)";Stokes;Συγκομιδή;"Wind Turbine Blade";"5 500 kg";"2 028 mi";"1 886 mi";"211 243 £";"0 £";4774;0;7904;"Scania S";"uk:NE62 EXF";france:AJ-363-XV.;"32.2 l/100 km";"1181 l";"2 117 £";"62 mph";"Standard job";No;67633289;;2026-09-25;22:53
"BUNGIE B";ATS;"Twin Falls";"Show Low";Venture;Venture;Fertilizer;"14 742 kg";"874 mi";"874 mi";"9 546 570 $";"0 $";177250;0;3140;"Outlaw 359";"idaho:AK 723";idaho:9445TD;"7.4 mpg (US gallons)";"0 gal";"295 $";"78 mph";"Standard cargo";No;67633604;;2026-09-25;23:07
MR.HOBO;ETS2;Bari;Sundsvall;"Terminal Container";Alumcore;"Cut Flowers";"1 759 kg";"1 952 mi";"1 913 mi";"112 383 £";"0 £";3722;1;7421;"Volvo FH5";france:MR.HOBO;"italy:XA 454SB";"32.1 l/100 km";"0 l";"0 £";"60 mph";"Standard job";No;67633684;;2026-09-25;23:11
DannyAlpha;ETS2;Prague;"Frankfurt am Main";Tradeaux;"LkwLog GmbH";"Large Containers";"9 113 kg";"256 mi";"255 mi";"5 441 £";"0 £";253;10;1233;"Mercedes Actros";"germany:DANNY 02";"czech:7A0 3682";"32.4 l/100 km";"0 l";"0 £";"96 mph";"Standard job";No;67633865;;2026-09-25;23:20
MR.HOBO;ETS2;Sundsvall;Honningsvåg;Alumcore;Konstnorr;"Cut Flowers";"1 759 kg";"774 mi";"773 mi";"22 077 £";"0 £";700;12;3686;"Volvo FH5";france:MR.HOBO;"sweden:YLF 884";"32.1 l/100 km";"0 l";"0 £";"57 mph";"Standard job";No;67635028;;2026-09-26;00:21
DannyAlpha;ETS2;Prague;"Frankfurt am Main";Tradeaux;DomDepo;"Heat Exchanger";"70 000 kg";"273 mi";"258 mi";"32 895 £";"0 £";609;0;1544;"Mercedes Actros";"germany:DANNY 02";"czech:4J2 2492";"32 l/100 km";"0 l";"458 £";"62 mph";"Standard job";No;67635218;;2026-09-26;00:30
DannyAlpha;ETS2;Prague;"Frankfurt am Main";Tradeaux;DomDepo;Railcar;"39 000 kg";"255 mi";"257 mi";"0 £";"0 £";0;100;1852;"Mercedes Actros";"germany:DANNY 02";"czech:5B0 9712";"32 l/100 km";"0 l";"0 £";"61 mph";"Standard job";No;67635809;;2026-09-26;01:11
DannyAlpha;ETS2;"Frankfurt am Main";Innsbruck;DomDepo;Steinbruch;"Polystyrene Boxes";"3 122 kg";"342 mi";"332 mi";"5 133 £";"0 £";414;8;1048;"Mercedes Actros";"germany:DANNY 02";"germany:E NO 1713";"32.7 l/100 km";"0 l";"0 £";"102 mph";"Standard job";No;67636270;;2026-09-26;01:52
DannyAlpha;ETS2;Innsbruck;"Klagenfurt am Wörthersee";Steinbruch;Tree-ET;"Medical Equipment";"5 214 kg";"277 mi";"279 mi";"0 £";"0 £";0;100;1332;"Mercedes Actros";"germany:DANNY 02";"austria:G 919 XT";"32.5 l/100 km";"0 l";"0 £";"94 mph";"Standard job";No;67636745;;2026-09-26;02:38
DannyAlpha;ETS2;"Klagenfurt am Wörthersee";Innsbruck;Tree-ET;Steinbruch;Yacht;"6 500 kg";"270 mi";"295 mi";"0 £";"0 £";0;100;902;"Mercedes Actros";"germany:DANNY 02";"austria:G 228 XT";"32.2 l/100 km";"0 l";"0 £";"101 mph";"Standard job";No;67637064;;2026-09-26;03:10
Dancus15;ETS2;Malmö;Aberdeen;Norrsken;Stokes;Sausages;"17 450 kg";"1 004 mi";"592 mi";"0 £";"0 £";0;87;2630;"Scania S";"czech:3AD 3003";"sweden:KOC 751";"72.2 l/100 km";"607 l";"0 £";"93 mph";"Standard cargo";No;67642008;;2026-09-26;12:56
MR.HOBO;ETS2;Honningsvåg;Umeå;Konstnorr;Agronord;"Cut Flowers";"1 759 kg";"663 mi";"663 mi";"38 767 £";"0 £";1372;0;2728;"Volvo FH5";france:MR.HOBO;"norway:JN 3310";"32.1 l/100 km";"0 l";"0 £";"57 mph";"Standard job";No;67645431;;2026-09-26;16:38
MR.HOBO;ETS2;Umeå;Aalborg;"Drekkar Trans";Freyr;"Cut Flowers";"1 759 kg";"667 mi";"606 mi";"39 529 £";"0 £";1311;0;2771;"Volvo FH5";france:MR.HOBO;"sweden:PUT 188";"32 l/100 km";"0 l";"0 £";"57 mph";"Standard job";No;67646488;;2026-09-26;17:35
NXTCLUTCH;ETS2;Zagreb;Calais;"Slava Auto";Stokes;"Wind Turbine Blade";"5 500 kg";"890 mi";"889 mi";"98 192 £";"0 £";2076;0;3110;"Scania S";"uk:NE62 EXF";"croatia:SK 885-S";"32 l/100 km";"0 l";"0 £";"61 mph";"Standard job";No;67648580;;2026-09-26;19:22
MR.HOBO;ETS2;Aalborg;Ajaccio;Freyr;BHV;"Cut Flowers";"1 759 kg";"1 491 mi";"1 206 mi";"89 549 £";"0 £";2466;0;4884;"Volvo FH5";france:MR.HOBO;"denmark:XT 09 19";"32.1 l/100 km";"0 l";"0 £";"57 mph";"Standard job";No;67648615;;2026-09-26;19:23
MR.HOBO;ETS2;Ajaccio;Albacete;BHV;BHV;"Cut Flowers";"1 759 kg";"800 mi";"358 mi";"47 709 £";"0 £";760;0;1574;"Volvo FH5";france:MR.HOBO;france:AY-195-HL.;"32.1 l/100 km";"0 l";"0 £";"57 mph";"Standard job";No;67649235;;2026-09-26;19:54
"Mystical Custom";ETS2;"Санкт-Петербург (St. Petersburg)";Ivalo;НКХ;SAL;"Wind Turbine Nacelle";"21 300 kg";"841 mi";"841 mi";"20 789 £";"0 £";601;16;3534;"Scania S";uk:MY5TIC;russia:XK613452;"47.7 l/100 km";"569 l";"1 037 £";"61 mph";"Standard job";No;67650376;;2026-09-26;20:43
"Mystical Custom";ETS2;Ivalo;Andenes;SAL;"Renar Logistik";"Transformer - PK900";"47 850 kg";"698 mi";"716 mi";"0 £";"0 £";0;54;3546;"Scania S";uk:MY5TIC;finland:DKN-934;"80.7 l/100 km";"595 l";"1 152 £";"62 mph";"Standard job";No;67652265;;2026-09-26;22:00
DannyAlpha;ETS2;Szczecin;Groningen;ITCC;EuroAcres;"Computer Processors";"3 854 kg";"481 mi";"601 mi";"31 753 £";"0 £";1534;1;1932;"Scania S";"germany:DO KX 17";"poland:ZS 996RU";"32.7 l/100 km";"961 l";"1 865 £";"103 mph";"Standard cargo";No;67656654;;2026-09-27;01:27
DannyAlpha;ETS2;Newcastle;Bremen;EuroGoodies;"Deutsche Frachthäfen";"Gummy Bears";"21 288 kg";"615 mi";"308 mi";"47 657 £";"0 £";635;0;1512;"Scania S";"germany:DO KX 17";"poland:ZS 996RU";"32.1 l/100 km";"0 l";"0 £";"61 mph";"Standard cargo";No;67657221;;2026-09-27;02:13
DannyAlpha;ETS2;"Frankfurt am Main";Prague;DomDepo;Tradeaux;Cauliflower;"9 580 kg";"291 mi";"257 mi";"17 110 £";"0 £";531;0;1237;"Scania S";"germany:DO KX 17";"poland:ZS 996RU";"32.2 l/100 km";"0 l";"581 £";"61 mph";"Standard cargo";No;67657584;;2026-09-27;02:46
DannyAlpha;ETS2;Milano;Bordeaux;Libellula;"MVM carrière";"Fish Fingers";"17 160 kg";"703 mi";"702 mi";"39 384 £";"0 £";1428;0;2597;"Scania S";"germany:DO KX 17";"italy:XA 734SK";"32.2 l/100 km";"0 l";"0 £";"95 mph";"Standard job";No;67658242;;2026-09-27;04:05
"Mystical Custom";ETS2;"ფოთი (Poti)";Latakia;"Wilnet Transport";arabfood;Sausages;"17 450 kg";"1 911 mi";"2 mi";"6 159 £";"0 £";5;0;133;"Scania S_long";uk:MY5TIC;georgia:BN-052-N;"100 l/100 km";"0 l";"0 £";"42 mph";"Standard job";No;67658766;;2026-09-27;05:25
"Mystical Custom";ETS2;Tromsø;Narvik;Norrfood;"Norse Rail";"Used Plastics";"7 153 kg";"176 mi";"1 mi";"7 006 £";"0 £";1;0;2;"Scania S_long";uk:MY5TIC;"norway:KA 4543";"0 l/100 km";"0 l";"0 £";"1 mph";"Standard job";No;67658943;;2026-09-27;05:48
"Mystical Custom";ETS2;Tripoli;"Λάρνακα (Larnaca)";Kaarfor;Globeur;eggs;"21 622 kg";"115 mi";"2 mi";"1 279 £";"0 £";5;0;134;"Scania S_long";uk:MY5TIC;"lebanon:M  466566";"150 l/100 km";"0 l";"0 £";"33 mph";"Standard job";No;67659085;;2026-09-27;06:09
